dfk_flurst,inj_well_id,inj_x_coord,inj_y_coord,ex_well_id,ex_x_coord,ex_y_coord,gwm,kf,fa,d_vel,st_distance,max_potential_pump,max_demand_pump,buildings_per_plot,plume_length,plume_width
8662/1669/1,53532,680290.362595368,5335823.65107362,72474,680268.771219219,5335801.35727565,8.1,0.00275717,7.5,3.489e-05,31.0354789222887,14.0334490603985,0.313463348448687,1,14.6773337015062,6.27781610138787
8662/1647/3,53341,680233.378749318,5336073.43602306,72283,680211.474937366,5336052.33435073,8.7,0.00321765,6.1,4.04e-05,30.4147588038007,17.1042870789758,1.30165833910103,1,89.5448429606556,15.7701430739288
8662/1667/2,99522,680330.934254198,5335866.20687146,118464,680326.342559229,5335860.99463716,8.2,0.00268642,7.4,3.462e-05,6.9462975107036,3.15510835604573,1.34742911634845,1,129.925236451023,19.0621052247304
8662/1573/4,53202,680158.079841616,5335779.78246615,72144,680161.796960013,5335734.82978996,8.0,0.00311004,7.3,3.906e-05,45.1060978794609,22.5516055445983,0.165095769490851,1,4.82521396933575,3.5623293968634
8662/1576/4,90321,680232.057041097,5335860.11060051,109263,680192.776443548,5335832.39615494,8.2,0.00297161,7.2,3.737e-05,48.0734421174825,23.5701394589258,1.02720785123309,2,77.1130832529074,14.6141488960373
8662/1647/8,54885,680207.004833537,5336174.69828086,73827,680181.643288515,5336151.689197,8.8,0.00331987,5.8,3.739e-05,34.2436257707163,18.0275978793445,0.253446378281623,1,8.49411089472756,4.7514594702998
8662/1586/4,55160,680081.946080158,5336005.55861285,74102,680081.005488968,5335994.19236769,8.7,0.00345619,6.5,4.266e-05,11.4050971448377,6.77265690324697,0.407936215990453,1,14.4785222275785,6.23435951929092
8662/1578/11,55021,680191.665059938,5335878.16981073,73963,680190.666047598,5335853.76875299,8.3,0.00311403,6.9,3.906e-05,24.4214996435052,12.6678421462802,0.238838984486874,1,7.94489798539173,4.5924166773366
8662/1668/4,52899,680312.05851454,5335853.77648055,71841,680299.968453126,5335833.91211263,8.2,0.0026875,7.3,3.489e-05,23.2543049356009,10.6448162135449,0.469953054892602,1,26.4518152653281,8.4742308407177
8662/1440/8,52729,679957.727235165,5335918.86783443,71671,679941.991764802,5335909.95707794,8.4,0.00360999,7.1,4.509e-05,18.083324050288,10.9586679743854,0.452025565831345,1,16.3814075008443,6.63904863443712
8662/1435/2,53121,679900.183183891,5335969.64381582,72063,679883.232928969,5335947.16649946,8.5,0.00360906,7.2,4.409e-05,28.1521028119214,16.8806764964956,0.349810686953063,1,11.3307086197517,5.50255721304729
8662/1654/3,129659,680319.025085683,5336110.94524779,148601,680293.137413612,5336093.24390802,8.7,0.00305946,7.0,4.283e-05,31.3609469726795,18.6971958750509,0.366934864359586,1,12.2780239177303,5.73225807958244
8662/1656/6,53450,680311.806513298,5336073.82436583,72392,680306.835182084,5336042.71946288,8.6,0.00304844,6.7,3.957e-05,31.4996685956217,17.1510403558836,0.4793874783214,1,21.0077371533921,7.5357788090579
8662/1586/9,52978,680057.252616443,5336081.76422588,71920,680040.958604326,5336064.01652974,8.8,0.00348013,5.9,4.185e-05,24.0930601853137,14.1967875280757,0.415344824781225,1,15.0484580424338,6.35817130475294
8662/1662/0,53883,680386.02096842,5335972.55544681,72825,680342.95775699,5335941.02958486,8.5,0.00267105,7.4,3.496e-05,53.3696557058979,25.3749230233034,3.93178382140016,1,604.706895095593,41.7186114169962
8662/1589/7,87726,680106.255526268,5336076.09611574,106668,680104.49178486,5336068.97890993,8.8,0.0034375,6.0,4.112e-05,7.33248950644668,4.24528851655163,1.18529050099443,1,74.4868376977423,14.3584912970873
8662/1597/45,98098,680072.404517837,5336187.48419024,117040,680080.321901537,5336163.71376224,8.9,0.00343084,6.0,3.875e-05,25.0543052649243,13.8249656451852,0.175291149164678,1,4.55295554840044,3.45849438894318
8662/1580/2,54914,680102.646205345,5335908.97258633,73856,680073.363359903,5335874.83404714,8.4,0.00336371,6.8,4.222e-05,44.9769373681746,25.5215694139974,0.174910660501193,1,4.35185228135838,3.37982590115536
8662/1586/7,55094,680067.037442425,5336051.27426434,74036,680063.883618496,5336039.1320454,8.7,0.00347095,6.3,4.215e-05,12.5451220155846,7.36057434995992,0.391051314041368,1,13.8363447727847,6.09195264734947
8662/1672/5,82705,680346.131174207,5335795.68379045,101647,680344.769501403,5335793.76671724,8.1,0.00250208,7.3,3.204e-05,2.35145114788336,0.97641281232525,0.18706697673031,1,7.68909806755405,4.51650160469904
8662/1580/0,53168,680204.294161793,5335938.68939931,72110,680168.120923893,5335914.76136455,8.4,0.00314735,6.8,3.96e-05,43.3711192815043,23.0831505884793,0.496969508154336,1,22.9445162113065,7.88198167344764
8662/1760/0,87160,680377.051532486,5336055.82367403,106102,680377.023777692,5336055.81171766,8.6,0.00281271,6.8,3.9e-05,0.030220580436585,0.016217572285489,0.274128342680986,1,9.28393992308908,4.97158223570451
8662/1678/11,54346,680275.1699582,5335729.47103724,73288,680262.247033045,5335597.71697909,7.9,0.00268441,7.5,3.262e-05,132.38630531867,32.6691354795,34.3877881113763,10,19368.0451701449,243.866414962442
8662/1587/3,63645,680090.657041428,5336005.46246161,82587,680091.1539569,5335998.48026513,8.6,0.00344166,6.6,4.227e-05,6.99985661332311,4.07136300126151,0.705938509745426,1,34.0016709581205,9.63031363108521
8662/1661/0,52750,680380.254564896,5335984.43656374,71692,680335.774113912,5335958.98057676,8.5,0.00268955,7.3,3.516e-05,51.2495638349936,24.5063114363619,0.528462270883055,1,29.5437275759114,8.96506176926085
8662/1662/3,52795,680261.352210079,5335922.92066282,71737,680261.879048802,5335907.4511009,8.4,0.00297107,6.7,3.807e-05,15.4785304477443,7.91975727171721,0.396733445505171,1,17.3620488922633,6.83858729393851
8662/1583/5,31663,680018.980399105,5335988.04610181,50605,680012.083349665,5335970.74406731,8.6,0.00354173,6.8,4.381e-05,18.6260486568805,11.2282589572132,0.46625724522673,1,17.2972408116548,6.82557376901895
8662/1597/13,53180,679982.988737826,5336178.9708993,72122,679961.985800826,5336162.75614647,8.8,0.00348512,5.3,4.239e-05,26.5337817113904,15.8367194549814,0.238776834725537,1,6.43450512788879,4.12477264559339
8662/1668/2,52822,680290.850397961,5335840.5180089,71764,680279.462755791,5335834.16349601,8.2,0.0027728,7.6,3.52e-05,13.0406375677308,6.02247940407971,0.467097924224344,1,25.8656341398153,8.37805639783287
8662/1587/6,53042,680076.938368691,5336055.27045843,71984,680075.667267853,5336044.02662018,8.7,0.00346183,6.1,4.193e-05,11.3154582710402,6.60444374104164,0.68913769610183,1,32.6241222338383,9.42957412394576
8662/1583/9,54901,679987.425087263,5336087.16986951,73843,679983.692362169,5336066.94177946,8.7,0.00352188,6.1,4.314e-05,20.5696101987959,12.3522319369467,0.478754381662689,3,18.1015619414029,6.98542778013112
8662/1573/6,52928,680196.050294886,5335775.01126938,71870,680199.240199373,5335749.5405474,8.0,0.0029766,7.4,3.694e-05,25.6696935869751,12.1374525581166,1.30199825875099,3,116.193353488448,18.0078542479286
8662/1592/3,53061,680203.703769772,5336057.34741428,72003,680182.774055778,5336037.99905327,8.6,0.00325888,6.5,4.041e-05,28.5028419946028,15.8487658672261,0.662143661495624,1,33.044058679875,9.49120154625719
8662/1587/10,98357,680055.540369153,5336115.60649242,117299,680056.088211819,5336105.04419225,8.8,0.00346964,5.5,4.123e-05,10.5764983063659,6.13985187441424,1.1136246185362,1,67.5632018093242,13.6624537616337
8662/1570/4,87238,680224.412404769,5335752.97071983,106180,680226.77917664,5335742.78306989,7.9,0.00288841,7.4,3.527e-05,10.4589588569313,4.66273773309334,0.470536929395386,1,27.5732363092038,8.655351751027
8662/1580/4,54925,680154.92939854,5335931.87547779,73867,680120.132406634,5335902.44693409,8.4,0.0032729,7.0,4.11e-05,45.5726873267857,25.1736233163192,0.96437877008751,1,58.6591543978681,12.7136035601062
8662/1592/4,53249,680198.37953895,5336075.05575232,72191,680176.721187335,5336055.49320734,8.7,0.00330163,6.4,4.061e-05,29.1852250418517,16.4981508861784,0.484690135242641,1,20.1889580738948,7.38472478636735
8662/1597/63,52934,680057.274210402,5336196.44400275,71876,680040.941920523,5336180.86271191,8.9,0.00343557,5.9,3.929e-05,22.5725567243603,12.6291107326897,0.416258049124901,1,16.3185629726701,6.62606388590969
8662/1590/9,85473,680123.265010395,5336113.42452655,104415,680120.028787053,5336107.95420956,8.8,0.00342241,6.2,4.036e-05,6.35590351529861,3.61186166355452,0.359733204852824,1,12.8075495238767,5.85687115567468
8662/1654/6,125899,680271.170310448,5336116.85470597,144841,680242.93903926,5336099.25136548,8.7,0.00318147,6.3,4.144e-05,33.2698402367985,19.191534337428,0.370550592084328,1,13.0920834981116,5.92278675991911
8662/1584/4,54924,680027.872421147,5335988.1922948,73866,680029.802682551,5335976.28117839,8.6,0.0035299,6.6,4.357e-05,12.0665075007606,7.23415118968,0.597089122513922,1,25.2741012309249,8.27991348321391
8662/1573/5,52877,680184.541344331,5335768.67657933,71819,680174.691413439,5335756.17878137,8.0,0.00303904,7.2,3.758e-05,15.9127650763022,7.65442190806319,1.43999077923628,3,131.708990422079,19.1949544624477
8662/1578/4,53105,680110.529612299,5335845.44819302,72047,680106.214885769,5335819.9508804,8.2,0.0033011,7.0,4.183e-05,25.8598108337033,14.1921124397204,0.475879781424025,1,20.5323804537603,7.44844102421772
8662/1587/7,55095,680087.236884615,5336076.56467946,74037,680070.765112377,5336059.29154925,8.8,0.00345442,5.9,4.149e-05,23.8679766157077,13.9431754849828,0.239104678798727,1,6.65869234506597,4.19735533445201
8662/1597/0,40221,679948.966239145,5336173.63081078,59163,679931.410575775,5336150.04440701,8.7,0.00349876,5.8,4.385e-05,29.4027168681735,17.9471831545982,0.41042364220366,1,14.0204282052949,6.13309995433249
8662/1575/8,53269,680211.911924113,5335819.43360267,72211,680194.840027309,5335811.05217023,8.1,0.00300803,7.4,3.752e-05,19.0183613978581,9.24785319863336,0.504481254972156,1,26.8714917101181,8.54244601785816
8662/1647/6,38244,680217.108504038,5336134.39500648,57186,680193.549078409,5336111.95651151,8.8,0.00328873,6.0,3.919e-05,32.5350978556024,17.9527108282517,0.252613702068417,1,7.87670263361804,4.57229670704043
8662/1597/38,59890,679998.277083686,5336214.26805738,78832,679999.612857053,5336208.45114759,8.8,0.00343602,5.4,4.152e-05,5.96831048064326,3.48908385628082,0.580954592680986,1,25.1912232480154,8.2660733214892
8662/1670/1,5030,680410.493974599,5335872.42113363,23972,680386.759837964,5335859.7149936,8.3,0.00242243,7.8,3.2e-05,26.9212785030582,11.4404665126596,1.05905694828958,2,100.04211462582,16.6861484637865
8662/1578/29,3093,680227.010511243,5335874.60801234,22035,680220.241396255,5335865.6120244,8.3,0.00301471,7.4,3.797e-05,11.2582732522189,5.67688971793606,2.28013516308671,1,244.516883636913,26.3051999412488
8662/1578/25,112747,680045.302667113,5335857.43108498,131689,680046.393058515,5335848.35186925,8.3,0.00345173,7.2,4.391e-05,9.14445797877682,5.33236022998264,0.413027921638823,1,15.1583811122227,6.3817845134979
8662/1657/4,60095,680215.578591756,5335961.43434577,79037,680213.597477509,5335960.57145285,8.5,0.00315802,6.5,3.992e-05,2.16087895538065,1.17316711542362,0.921102885043755,1,56.1945275887212,12.4386654823973
8662/1757/1,44937,680427.270264522,5335995.91450935,63879,680401.730791998,5335973.30967172,8.5,0.00255357,7.3,3.362e-05,34.1063533811208,15.5945161691566,1.83278700278441,2,204.074640705513,23.9910275692056
8662/1589/6,55121,680126.468993156,5336069.74906192,74063,680109.44999078,5336054.08654648,8.7,0.00341777,6.1,4.109e-05,23.1292203026246,13.229284898309,0.42488479494829,1,16.2805732167403,6.61820265472048
8662/1757/8,138400,680420.043424977,5336014.38243866,157342,680391.906437078,5335993.54214319,8.6,0.00262214,7.2,3.308e-05,35.0143970856465,15.9378812769622,0.645704167064439,1,42.9635791422017,10.8489771937663
8662/1592/8,54884,680174.448034883,5336145.11726013,73826,680152.329417945,5336130.75151007,8.8,0.00335918,6.1,3.885e-05,26.3743813159212,14.4269975748594,1.00269746161496,1,63.1088590371675,13.1959999676011
8662/1578/20,54693,680140.072469718,5335896.3845489,73635,680135.844040609,5335893.18666796,8.4,0.00325613,6.9,4.094e-05,5.30151442791283,2.91707136912242,0.84943545823389,1,48.7754057069217,11.5731953900118
8662/1587/0,46030,680119.154045925,5335985.60858501,64972,680107.208272687,5335957.55778719,8.6,0.00338309,6.6,4.206e-05,30.4885020469488,17.6450864102626,0.942098006563246,2,52.8127212950974,12.0515932256197
8662/1590/7,55122,680135.378331085,5336086.01574646,74064,680130.285009444,5336077.28151892,8.8,0.00341275,6.3,4.074e-05,10.1108187614006,5.7997597692596,0.501450816030231,1,20.7841834282997,7.49482717473906
8662/1578/7,121866,680140.697906548,5335857.60502132,140808,680140.284595967,5335839.88490375,8.2,0.00324779,7.1,4.08e-05,17.724937020845,9.48808788751025,0.530316800914877,2,25.0748332872153,8.24659907128184
8662/1581/4,126698,680191.645774296,5335972.46508208,145640,680180.983441828,5335948.78829077,8.5,0.00322104,6.6,4.04e-05,25.9668207589745,14.2672099978109,0.583422355210819,1,27.824038215194,8.6953613372034
8662/1597/36,53013,679992.134425475,5336260.23160938,71955,679979.795792558,5336238.15268952,8.7,0.00335833,5.2,4.267e-05,25.2926978471437,15.0230126865557,0.556766322991249,1,23.0777036684421,7.90525212455295
8662/1654/7,15501,680285.648822919,5336095.26516469,34443,680249.871622573,5336073.75352085,8.7,0.00311962,6.5,4.122e-05,41.7463637342376,23.9533287747038,0.281305002784407,1,8.72913724542472,4.81797296141262
8662/1583/4,53484,680039.572751985,5335946.17171645,72426,680031.777178876,5335926.43304072,8.5,0.00350501,6.8,4.404e-05,21.2223061862126,12.7109729563949,0.543256021877486,2,21.9661258665341,7.70896483741993
8662/1569/10,61464,680252.631180097,5335742.88278062,80406,680250.93443443,5335735.78763997,7.9,0.00277738,7.5,3.37e-05,7.29520161997631,3.10752244365807,0.280696253778839,1,13.6023966453104,6.03926972667339
8662/1658/7,53503,680351.214603477,5336043.61496575,72445,680336.026397275,5336019.96985873,8.6,0.0028801,7.0,3.745e-05,28.102894754877,14.4817589019252,0.683651549124901,1,38.8573153232647,10.307842490737
8662/1578/9,56684,680170.641214884,5335852.76419789,75626,680166.5347261,5335844.10799771,8.2,0.00316173,7.1,3.99e-05,9.58086904580312,5.01546997504938,0.537127418456643,1,26.4290686658978,8.47051843835573
8662/1760/1,127098,680399.718029785,5336048.7794468,146040,680393.956923371,5336031.70075951,8.6,0.0027549,7.0,3.779e-05,18.0242033594122,9.3724127145421,0.521389342084328,1,25.5314927514152,8.32275506044291
8662/1586/5,117141,680076.849635734,5336020.78104149,136083,680077.915015533,5336010.34348417,8.7,0.00345812,6.5,4.231e-05,10.4917890306081,6.1791937068796,0.999312580747812,1,56.2023679241793,12.4395493793637
8662/1590/5,82663,680142.165518249,5336050.44584021,101605,680140.226963363,5336047.4624879,8.7,0.0033932,6.5,4.136e-05,3.55786257372095,2.04837248900345,0.353698929594272,1,12.244665974549,5.72432049448452
8662/1581/6,54926,680172.392444773,5335953.90024265,73868,680165.179322213,5335942.62615685,8.5,0.00324795,6.7,4.059e-05,13.3841005575475,7.3883447261796,0.342588208035004,1,12.4321902693847,5.76880555343857
8662/1755/7,53189,680439.15479291,5335948.45793405,72131,680424.836809474,5335925.75319764,8.4,0.00245496,7.3,3.259e-05,26.8423118463408,11.757190274891,0.464671631463803,1,27.7855992326623,8.68924081149072
8662/1756/6,79876,680422.548416621,5335972.58609879,98818,680422.552319607,5335972.5368254,8.5,0.00254521,7.2,3.347e-05,0.0494277307739749,0.0224991076264672,0.571656937947494,1,35.78798602923,9.88476788898105
8662/1431/0,54748,679948.023743242,5336047.55316513,73690,679910.599934221,5336004.50289184,8.7,0.00355577,7.9,4.392e-05,57.0426814934154,34.873978830976,2.19822740572792,3,173.373433111765,22.0792716847923
8662/1590/3,116307,680152.011625543,5336025.39250516,135249,680151.78510156,5336018.42799576,8.6,0.00335517,6.3,4.114e-05,6.96819232319622,3.94459890674578,1.00168775278441,1,59.8550001315751,12.8449609193313
8662/1584/9,52932,680000.673484497,5336073.88138928,71874,680001.565621714,5336061.59492451,8.7,0.00352315,5.8,4.293e-05,12.3188118432442,7.36154456663219,0.423743794351631,2,15.1838118369485,6.3872354548841
8662/1757/2,131768,680462.681537861,5336017.99092799,150710,680430.674580719,5336003.68434009,8.6,0.00250158,7.5,3.529e-05,35.0588614030623,17.0242465322576,0.901127941129674,1,64.2836485085796,13.3205501583951
8662/1590/10,122977,680131.884702856,5336142.11395818,141919,680115.221546038,5336122.3570878,8.9,0.0034136,6.1,3.924e-05,25.8455938720422,14.4419389143944,0.208296757557677,1,5.78750333818643,3.90803559591191
8662/1658/6,24163,680330.82206881,5336016.89344112,43105,680327.486879956,5335992.03966851,8.5,0.00290323,6.8,3.762e-05,25.0765527449633,12.8299668340111,1.24427353361177,1,96.4413360188529,16.3775033739067
8662/1597/46,130776,680094.538414777,5336192.40088638,149718,680093.311701056,5336169.13268828,9.0,0.00342147,6.0,3.794e-05,23.3005122135508,12.7299086407025,0.315830919451074,1,11.1768188260073,5.46436508067386
8662/1671/1,55110,680335.28937977,5335814.14033533,74052,680314.487219307,5335798.93030938,8.1,0.00257046,7.6,3.331e-05,25.7696482187359,11.1246952888726,0.362156592680986,1,19.5389451646294,7.2626525196382
8662/1589/10,77765,680108.101241939,5336124.73353086,96707,680103.230263539,5336121.91572521,8.9,0.00343618,5.9,4.01e-05,5.62729590963677,3.21332101950443,0.237784147772474,1,6.8331157391007,4.25300077801021
8662/1592/6,7933,680189.396592807,5336104.9401646,26875,680165.318684268,5336090.67935408,8.7,0.00333346,6.2,3.993e-05,27.9842169132931,15.5543441563613,0.615652116945107,1,29.6429362277162,8.98038259965508
8662/1658/8,53197,680362.796499711,5336020.36269441,72139,680345.023609601,5335999.342077,8.6,0.00281934,7.4,3.664e-05,27.5271135276293,13.8782457296162,1.0696290505171,1,78.580521781846,14.7551408112506
8662/1667/1,52813,680284.826156605,5335855.86415977,71755,680272.877209693,5335839.97309175,8.2,0.0028039,7.5,3.567e-05,19.8822376814961,9.30469636545843,0.369598333731106,1,17.847013926113,6.93522185166557
8662/1668/0,53992,680424.310226312,5335893.35232728,72934,680385.386372758,5335868.98153927,8.3,0.00239025,7.6,3.16e-05,45.9238683475174,19.271859504299,3.10161233432776,1,510.951299846038,38.2881393058421
8662/1597/60,127034,680008.698826873,5336266.52683147,145976,680007.222503511,5336245.4717275,8.7,0.00336641,5.7,4.226e-05,21.1067982896963,12.4162682764581,0.346070552704853,1,11.4741322184295,5.53792337148916
8662/1578/3,67590,680098.044446248,5335824.19462034,86532,680094.184674862,5335815.13521309,8.2,0.00330739,7.3,4.226e-05,9.84736994511246,5.45988608291154,1.06539217859984,2,67.7322085290326,13.6798501174069
8662/1664/4,77537,680268.505796504,5335903.63518267,96479,680267.314143473,5335893.8526636,8.3,0.00294177,7.2,3.742e-05,9.85483213172729,4.89723662794344,0.245991064638027,1,8.85629721743934,4.85359361240223
8662/1432/4,53027,679821.536428794,5335993.52331642,71969,679810.713949225,5335964.9001409,8.5,0.00355453,8.0,4.373e-05,30.6008535942684,18.1991844564121,1.43162411455847,2,94.9711946986741,16.2498656070288
8662/1656/0,54857,680273.569582066,5336046.42423827,73799,680264.219320663,5336025.10398778,8.6,0.00308415,6.4,3.972e-05,23.280473998065,12.7238778783152,1.56101740831344,1,122.742815511588,18.5178957898714
8662/1584/2,53186,680058.372208213,5335966.95838318,72128,680040.011029183,5335958.06561256,8.6,0.00348552,6.5,4.353e-05,20.401329975917,12.2198417393989,0.506475741845664,2,19.7721225878862,7.30666915708328
8662/1592/7,156322,680182.415458277,5336128.20642378,13850,680168.719482733,5336111.01606618,8.8,0.00334029,6.5,3.929e-05,21.9792661494833,12.1590003675458,0.325328596857597,1,11.467858004746,5.5363807947779
8662/1655/1,54858,680306.223771038,5336092.55568374,73800,680294.73544029,5336072.66233691,8.7,0.00307241,6.6,3.899e-05,22.9723092311572,12.4680094899656,1.11874065672235,1,75.2543135198162,14.433654015075
8662/1664/5,139509,680339.198363621,5335934.29926741,158451,680301.36193053,5335907.52300144,8.4,0.00274105,7.2,3.557e-05,46.3526060580782,22.1593639342097,0.315777676610978,1,13.6512810789669,6.05031456298911
8662/1669/0,54870,680323.471911092,5335834.31186933,73812,680301.268434326,5335814.31101676,8.2,0.00263744,7.4,3.419e-05,29.8835821819977,13.4049621334088,0.562972573587908,1,35.7525831280971,9.8797862114942
8662/1440/9,130937,679980.288859184,5335942.43294538,149879,679964.271424934,5335918.66170723,8.5,0.00358813,7.9,4.497e-05,28.6640883852813,17.530727143731,0.379478358989658,1,12.4283592705188,5.76790006019995
8662/1666/0,53453,680412.185672543,5335918.66928209,72395,680369.290860941,5335894.81986211,8.4,0.00248064,7.5,3.261e-05,49.07911669903,21.5103167402642,1.1243450043755,2,104.484113623837,17.059484318957
8662/1597/6,124123,680073.080223453,5336211.32003994,143065,680066.101890123,5336191.35959201,8.9,0.00341999,5.7,3.771e-05,21.1451322514625,11.3547330257658,1.3482188902148,1,101.161858961301,16.781013598449
8662/1666/6,86838,680281.119187887,5335874.11357042,105780,680279.820162146,5335870.19457601,8.2,0.00286725,7.2,3.653e-05,4.12867836568291,1.97876654356296,0.274870801710422,1,11.0444380881418,5.43130408040505
8662/1756/1,148503,680435.344015321,5335999.0654891,6031,680445.244684054,5335966.42171507,8.5,0.00257305,7.3,3.319e-05,34.1121565487055,15.3976816715809,0.499298207438345,2,29.5833084228683,8.97117727679243
8662/1592/10,82983,680165.612323628,5336184.2573696,101925,680163.967655392,5336180.15132157,8.9,0.00338047,5.9,3.721e-05,4.42318483138192,2.34371471587827,0.722259881861575,1,40.4679981962214,10.5232979974818
8662/1586/6,114602,680056.763010154,5336020.77002588,133544,680055.168473267,5336017.91115772,8.7,0.003483,6.2,4.289e-05,3.27348057327645,1.95436217848655,0.629771565234686,1,27.5491130895906,8.65149405862624
8662/1757/3,54804,680458.900719474,5336038.7455509,73746,680423.420648221,5336022.23144017,8.6,0.0025418,7.2,3.579e-05,39.1350394034034,19.2728485090098,1.3589325853222,1,116.560833029426,18.0368396528933
8662/1590/4,95029,680145.18753814,5336038.96981043,113971,680145.916929625,5336032.93065875,8.7,0.00337011,6.0,4.154e-05,6.08303912940069,3.51743708045944,0.539029256563246,1,22.8868428511106,7.87188445064825
8662/1578/22,123602,680112.029429402,5335884.40207397,142544,680104.780152371,5335858.14958525,8.3,0.00332494,6.8,4.21e-05,27.234999207382,15.2267612368568,0.517746851829753,1,22.6611484670008,7.83225023511587
8662/1661/1,53958,680327.231123455,5335964.19076169,72900,680290.122842507,5335940.77975032,8.5,0.00280529,7.2,3.69e-05,43.8759611680262,22.0187123525623,0.627278114359586,1,35.5359772670127,9.84925391966127
8662/1590/11,53209,680125.160924842,5336162.82473047,72151,680110.678660714,5336141.53220112,8.9,0.0034191,6.2,3.852e-05,25.7508792158886,14.1249958717194,0.212285448289578,1,6.12226196140263,4.02158047617433
8662/1597/27,54908,679938.591583078,5336191.87539798,73850,679922.707260057,5336166.48216388,8.7,0.00346222,5.8,4.368e-05,29.9520960176944,18.2116411524162,0.862609476332538,1,42.9699167209839,10.8497922697508
8662/1589/0,54927,680154.323204441,5335996.10554219,73869,680143.117846843,5335972.38918162,8.6,0.00334064,6.4,4.136e-05,26.2302458517311,14.9279896455638,0.425741574980111,1,16.4530576662776,6.65382299425378
8662/1672/3,53376,680320.207304928,5335794.84288099,72318,680319.053328198,5335776.23854588,8.1,0.00260613,7.5,3.316e-05,18.6400897880283,8.0106456907284,0.609676120127287,1,42.9680321515209,10.8495499014414
8662/1582/0,52757,680079.042408094,5335916.06434819,71699,680063.805193704,5335899.11196294,8.4,0.00343304,6.9,4.344e-05,22.7937725713031,13.3077702978851,0.56290607398568,1,24.0738886024555,8.07725610802468
8662/1597/12,53234,679962.645605446,5336156.53294158,72176,679963.679200448,5336142.11948358,8.7,0.00350816,5.4,4.324e-05,14.4504702311827,8.69774959252505,1.12623205628481,2,65.0849264336451,13.4048613052278
8662/1584/6,29412,680016.834741137,5336022.28647915,48354,680017.430642445,5336009.94242654,8.7,0.00353002,6.4,4.354e-05,12.3584276224078,7.49015626642053,0.331258388225935,1,10.2750704637856,5.23518493347669
8662/1578/26,54913,680068.058147315,5335866.31871145,73855,680056.780779096,5335838.75753163,8.3,0.00342178,7.2,4.337e-05,29.7791481875681,17.1514076035633,0.990183762330947,1,57.3216161690357,12.5651154652039
8662/1586/8,53344,680062.145099206,5336066.51687889,72286,680045.684297891,5336048.65291807,8.8,0.00348084,6.3,4.199e-05,24.2915433071237,14.361626800803,0.424639863166269,1,15.478694183815,6.45011778626398
8662/1584/10,53151,680014.740539461,5336099.79624265,72093,679996.277066518,5336078.80416893,8.8,0.00350438,5.6,4.244e-05,27.9565196720979,16.7055637039644,0.234290121718377,1,6.24295053836051,4.06176585641684
8662/1675/4,53282,680330.585706051,5335753.91374175,72224,680339.543372063,5335729.99142668,8.0,0.0025136,7.9,3.187e-05,25.5444111077095,10.4204848896346,0.591845921042164,1,44.4376322675292,11.0369928792288
8662/1435/0,31316,679932.005546356,5335979.15639228,50258,679921.686886739,5335972.37902416,8.6,0.0036098,7.1,4.458e-05,12.3453414289267,7.57288921560536,0.481004192521877,1,17.6567804861376,6.89747123851172
8662/1647/2,41440,680235.710942933,5336039.2344017,60382,680217.862893361,5336031.07312511,8.6,0.00316903,6.5,3.998e-05,19.6254760221605,10.7964610715958,0.494465337311058,1,21.6689523819024,7.65566774106687
8662/1665/5,124189,680263.103128749,5335885.68428957,143131,680259.633083856,5335872.10595471,8.3,0.00291427,7.4,3.7e-05,14.0147204500048,6.88627304031436,0.546070516109785,2,29.7919798868193,9.00335225690253
8662/1575/6,53103,680160.506041267,5335812.84170222,72045,680143.549519409,5335804.1926444,8.1,0.00314366,7.3,3.948e-05,19.0349634782366,9.73944464124532,0.56202380071599,1,29.2741851460578,8.92330829175983
8662/1647/5,54891,680222.524192807,5336113.34772864,73833,680199.523494612,5336092.10243626,8.7,0.00326378,5.9,4e-05,31.3112530206513,17.4341056818986,1.76772387509944,1,143.846325893105,20.0764108144737
8662/1587/9,114427,680063.195294796,5336097.81423016,133369,680060.980644838,5336089.78581963,8.8,0.0034684,6.0,4.167e-05,8.32826812229283,4.88630817179567,0.916993896976929,2,49.6862713866063,11.6827757859329
8662/1583/6,30581,680009.394998899,5336015.67007555,49523,680006.224897439,5335994.47071791,8.7,0.0035448,6.3,4.358e-05,21.4350718995765,13.0032348326989,0.462519288186157,1,16.9289901886761,6.75117006646863
8662/1584/0,52906,680067.766369398,5335945.43353002,71848,680050.52638432,5335934.16680245,8.5,0.00347213,6.8,4.347e-05,20.5950536659176,12.1756309668612,0.274147224741448,1,8.02987768592494,4.61737038889674
8662/1578/10,58182,680182.742974255,5335857.39441322,77124,680178.64284618,5335848.95497921,8.2,0.0031346,7.2,3.912e-05,9.3827019881556,4.81571307930961,0.364657763524264,1,15.2284305337277,6.39678842329771
8662/1439/5,46555,679937.152391406,5335972.23799834,65497,679931.189743549,5335938.84567363,8.6,0.0036098,7.1,4.447e-05,33.9205029290617,20.7561999699139,0.909705178798727,1,46.0944489859743,11.2447032697329
8662/1592/0,52380,680219.785918561,5336010.79922372,71322,680199.803938089,5335998.73937856,8.6,0.00319274,6.4,4.012e-05,23.3392246815285,12.8844469925074,0.300714174622116,1,10.2232218272457,5.22171314301971
8662/1658/2,135246,680264.627017701,5335968.34256943,154188,680247.353691515,5335949.65334896,8.5,0.00302875,6.7,3.868e-05,25.4490620507842,13.3874281936909,0.33808454494829,1,13.1016468378591,5.92498994614096
8662/1660/8,60872,680257.280082819,5335934.22423824,79814,680254.551130468,5335926.66297691,8.4,0.00298596,6.8,3.841e-05,8.0386475188425,4.14979422411107,0.456748060660302,1,21.1629241987676,7.56408109549366
8662/1592/9,54967,680171.371842461,5336165.0891432,73909,680146.629879045,5336148.30891481,8.9,0.00336371,6.2,3.785e-05,29.8954982977026,16.1131952544889,1.02349679892601,1,66.541394108623,13.5568181533416
8662/1584/11,54902,680002.341968356,5336103.46160727,73844,679990.918566322,5336096.25918302,8.8,0.00350548,6.0,4.259e-05,13.5044077670552,8.09815039332825,1.23585991447892,1,75.2340426264991,14.431673634842
8662/1576/2,52965,680117.114958761,5335817.84625719,71907,680052.710233027,5335776.24828367,8.2,0.0032564,7.4,4.157e-05,76.6704643144647,41.8159485643661,0.931827625696102,2,56.7882591396447,12.505430763108
8662/1664/0,52856,680377.956391913,5335940.46307565,71798,680348.854520026,5335926.32274478,8.4,0.00261505,7.5,3.461e-05,32.3553381133036,15.0503573082433,0.616728763325378,1,38.8209336284378,10.3029257217684
8662/1666/2,122046,680272.980818824,5335870.90545988,140988,680252.972788494,5335848.19588089,8.2,0.00285205,7.2,3.621e-05,30.266256058503,14.3787476502445,0.471904692521878,1,25.1746752104373,8.26330721686911
8662/1587/2,83512,680096.253801325,5335993.99745507,102454,680096.956025454,5335983.6642457,8.6,0.0034266,6.5,4.233e-05,10.3570427488679,6.0325714051398,0.531502143396977,1,22.1658019737457,7.74457759020892
8662/1672/0,53035,680371.038618855,5335816.27329112,71977,680368.078166899,5335789.89178051,8.1,0.00246808,7.7,3.206e-05,26.5470973514435,11.0302552364911,1.21541018615752,1,127.2206178814,18.8589533144734
8662/1590/0,53912,680178.382991945,5336005.8125162,72854,680166.490470919,5335982.02790941,8.6,0.00327608,6.4,4.062e-05,26.592096123455,14.8631521967981,0.604762272474145,1,28.6197264324705,8.82113730299546
8662/1654/1,48731,680279.430594114,5336109.07154643,67673,680262.752508253,5336093.44844099,8.7,0.00315091,6.5,4.209e-05,22.8525703519967,13.3891564307283,0.728693745624503,1,35.2708798607198,9.81176182421975
8662/1647/4,92538,680227.70649547,5336094.26811019,111480,680205.50096489,5336072.2174121,8.7,0.00325556,5.9,4.061e-05,31.294070913337,17.6902628994854,0.756154627287192,1,39.3399275960398,10.3728522005136
8662/1567/82,135105,680341.886219911,5335709.10912889,154047,680315.529920975,5335696.23261504,7.9,0.00241084,8.4,3.063e-05,29.3335831877214,11.3568839344244,0.553148150159109,2,43.425723478594,10.9082597026459
8662/1587/8,59678,680065.825248516,5336085.26496176,78620,680064.287765483,5336079.47714318,8.8,0.0034703,6.0,4.151e-05,5.98854724059995,3.50007111107884,0.556967229116945,1,23.6557844463538,8.00549869185089
8662/1597/41,13935,680010.427982806,5336161.64319214,32877,680017.455051877,5336138.27696935,8.8,0.00348518,5.3,4.21e-05,24.4000013738035,14.4635400143468,0.488082792760541,2,18.9993652428915,7.15979755194352
8662/1658/0,53348,680290.39567154,5336002.33659905,72290,680273.705034922,5335992.74811573,8.5,0.00299969,6.7,3.856e-05,19.2488016023444,10.094379541095,0.972039350835322,1,64.1708573745732,13.3086408710069
8662/1656/7,53313,680333.167445174,5336080.17010983,72255,680327.910483025,5336051.94352177,8.6,0.00299678,6.9,4.094e-05,28.7119474101275,16.1744276671157,1.45132350079555,1,105.153299709331,17.1150470865474
8662/1597/39,3965,680020.66171479,5336209.00800788,22907,679997.280543535,5336183.00875393,8.8,0.00344102,5.2,4.061e-05,34.9662748303008,19.9933243256879,0.224911722752586,1,6.27322181353214,4.07178526548949
8662/1671/0,53102,680304.736513418,5335809.25410764,72044,680275.057873999,5335782.82056812,8.1,0.00265686,7.6,3.354e-05,39.7435988467639,17.2756839569532,0.25766529176611,1,11.6053372407645,5.57008710709582
8662/1586/10,53126,680052.358974621,5336097.02281372,72068,680036.209968745,5336079.40725291,8.8,0.00347602,5.8,4.151e-05,23.8976646017242,13.9672481712554,0.348250815831344,1,11.6958315215518,5.59216710628488
8662/1583/7,288,680001.97294105,5336039.86661391,19230,679983.859340475,5336014.26047306,8.7,0.00354535,6.2,4.344e-05,31.3652191937257,18.9660712951142,0.646313592084328,1,28.099418228668,8.73908850585978
8662/1587/11,132421,680065.22753059,5336141.26995121,151363,680051.194862727,5336120.30984609,8.9,0.00345624,5.6,4.022e-05,25.2238334559452,14.4465167619572,0.567794500198886,1,25.1006322630882,8.25091954940779
8662/1662/4,122987,680334.44508115,5335946.15036011,141929,680313.661250151,5335930.58973847,8.4,0.00278853,7.0,3.593e-05,25.9634469349429,12.5377277541264,0.470375665274463,1,24.4460396400757,8.14061408637576
8662/1573/9,135108,680254.810021891,5335792.91864872,154050,680245.612246531,5335767.75947048,8.0,0.00284362,7.7,3.54e-05,26.7877457283422,12.1380633444264,0.387120658512331,1,20.0805519709282,7.36450160367977
8662/1587/4,55161,680088.706046044,5336025.47415355,74103,680085.490881119,5336013.49469492,8.7,0.00344533,6.4,4.217e-05,12.4034154332583,7.28088424118139,0.181657818814638,1,4.37766839125198,3.39002313608223
8662/1589/3,87159,680142.495347718,5336025.39069959,106101,680142.187133064,5336014.83741485,8.6,0.00337347,6.6,4.142e-05,10.5577845658991,6.01729528926088,0.615835801312649,1,28.5614714971853,8.81198751635175
8662/1594/3,54793,679996.747201034,5336149.66283877,73735,679973.70564018,5336119.21688968,8.8,0.00349612,5.3,4.248e-05,38.1820552441544,22.8373897913452,1.08866415572792,1,62.4433384327721,13.1249369502763
8662/1670/0,122414,680379.949739298,5335860.39025468,141356,680346.390390391,5335840.63702124,8.3,0.00250373,7.3,3.277e-05,38.9412394579862,16.9466666582674,0.983021079156722,1,86.3293445305213,15.4791223270543
8662/1589/4,90960,680136.589012192,5336039.98623652,109902,680134.926353432,5336029.11014127,8.7,0.00338645,6.4,4.129e-05,11.0024489121504,6.32373232891104,0.340495933373111,1,11.5949181979772,5.56753951536459
8662/1671/2,45357,680388.216438442,5335841.01117491,64299,680353.164800244,5335815.30352949,8.2,0.00243719,7.5,3.179e-05,43.4683836038207,18.1300020817228,0.502930496221161,1,33.6706409682655,9.58244503181778
8662/1666/5,19581,680357.520471709,5335904.68524225,38523,680314.357329375,5335881.49157319,8.3,0.00264002,7.0,3.438e-05,49.0000320500013,22.3717682329537,0.593659794550517,1,37.7030520187936,10.1507328847097
8662/1660/1,53365,680269.707245611,5335952.2380658,72307,680250.977665827,5335938.14712481,8.4,0.00298619,6.6,3.819e-05,23.4382545626367,12.030237297081,0.512044761137629,1,25.3375414527948,8.29049260653245
8662/1647/9,54968,680203.286009717,5336190.14066015,73910,680175.671735325,5336171.59819116,8.9,0.0033163,5.6,5.431e-05,33.2621602813115,25.7241032502631,1.51509809984089,1,69.7272302661217,13.8836160516092
8662/1586/0,125880,680085.102281173,5335971.98289715,144822,680083.038753867,5335947.57799227,8.6,0.0034495,6.6,4.301e-05,24.4919890397421,14.4947901727265,0.289379100238663,1,8.69450577822702,4.80822779265301
8662/1579/2,53918,680060.4217723,5335891.426894,72860,680030.024228231,5335857.90448181,8.4,0.00343401,7.3,4.352e-05,45.2522132551603,26.4684177524199,0.764004866945107,1,37.9610246818583,10.1860487230906
8662/1430/2,52862,679922.462361207,5336060.96278332,71804,679905.582607641,5336047.25865913,8.6,0.00354223,7.7,4.387e-05,21.7423342872253,13.1247861832847,0.827572781026253,1,40.8184178413205,10.569611866008
8662/1582/6,118122,680130.092830969,5335928.0019443,137064,680127.164311667,5335926.0813618,8.4,0.00331657,7.0,4.136e-05,3.50212256292785,1.94675428688423,1.06622731861575,1,67.5508755676893,13.661184150568
8662/1590/2,54928,680159.843449972,5336015.02553299,73870,680157.642044329,5336003.91035065,8.6,0.00332756,6.6,4.093e-05,11.3310840320364,6.381630267374,0.280146404534606,1,8.92099475148232,4.87162066895847
8662/1432/3,143667,679845.911600804,5336004.26126863,1195,679830.509904955,5335987.23856758,8.5,0.00355943,8.0,4.4e-05,22.9561448427363,13.7369570738934,1.15541888623707,2,68.2256666742703,13.7305216910418
8662/1756/0,67551,680409.651999896,5335967.55594027,86493,680406.17021651,5335964.17581205,8.5,0.00257664,7.3,3.351e-05,4.85263663539637,2.211521209669,0.497144495027844,1,28.9720962948082,8.87628839851796
8662/1589/2,40021,680148.410257655,5336010.76239263,58963,680127.521247304,5336002.04482357,8.6,0.00334777,6.6,4.126e-05,22.6350781713779,12.8507849568305,0.196483835322196,1,5.17719742134472,3.69239832844592
8662/1597/49,52936,680063.861227058,5336235.1144494,71878,680054.094302135,5336217.21466566,8.9,0.00340487,5.3,3.697e-05,20.3910539342456,10.7349274386346,0.661400991447892,1,35.8083306218379,9.88762956034382
8662/1666/3,53435,680301.775670652,5335868.95280455,72377,680283.449871835,5335861.76979761,8.2,0.00275307,7.0,3.523e-05,19.6832540738702,9.0979464582145,0.406301897374702,1,20.9570201269009,7.52650704846136
8662/1581/0,127888,680055.627697537,5335903.23017539,146830,680022.57641792,5335883.59461394,8.4,0.00346445,6.9,4.385e-05,38.4440158896818,22.6567501004886,3.57200351968974,2,379.437709295779,32.9032290905133
8662/1578/27,57067,680215.16646002,5335907.9579253,76009,680211.332973047,5335901.19070548,8.3,0.00309581,7.4,3.908e-05,7.77758872346764,4.03643166191817,1.24703893178202,2,94.7146252356778,16.2274911208724
8662/1578/17,52777,680174.168584182,5335910.67628405,71719,680175.219604397,5335886.60383049,8.4,0.00320402,6.8,4.024e-05,24.0953867727146,13.0314020085854,0.537237152147971,1,25.1761413620317,8.26355232899387
8662/1597/37,53427,680001.178985792,5336243.99120302,72369,679979.271127334,5336215.86070379,8.8,0.00338931,5.2,4.163e-05,35.6550031435602,20.8991943545991,0.448281239459029,1,17.0074114989518,6.76708084672458
8662/1578/18,45100,680156.759958211,5335903.50313708,64042,680164.549481284,5335882.29462065,8.4,0.00324335,6.9,4.073e-05,22.5937566340546,12.3680754315558,0.424421130469372,1,17.3600491597065,6.83818610245124
8662/1440/7,135341,679919.677474903,5335918.03531336,154283,679921.240459562,5335897.31095618,8.4,0.00361,7.1,4.434e-05,20.78321200745,12.3853312183149,0.399262605409706,1,13.9450954301959,6.11629340829914
8662/1589/11,53478,680098.164348233,5336155.99984552,72420,680084.122964859,5336132.8922735,8.9,0.00343271,5.9,3.905e-05,27.0392368954677,15.0357625389365,0.270608503381066,1,8.63259944494352,4.7907600020861
8662/1655/0,54931,680283.691429865,5336082.41079299,73873,680255.237490544,5336054.69617859,8.6,0.00311229,6.5,4.054e-05,39.7206056614226,22.1573613443536,1.2593031632856,1,86.25179583387,15.4720386258572
8662/1441/2,126741,679987.919301722,5335916.97680108,145683,679916.844844503,5335830.49449328,8.4,0.00357843,8.3,4.534e-05,111.94091311952,49.236334056,8.10912925835322,5,1234.42904010655,60.0043930767494
8662/1592/12,53252,680151.958970786,5336229.7968564,72194,680127.366903925,5336199.89274935,9.0,0.00335406,6.0,5.119e-05,38.7172490081602,28.5398780648792,1.33777779375497,1,62.169949373386,13.0956373570167
8662/1672/4,112353,680341.668483103,5335775.77532507,131295,680342.11172947,5335774.76087924,8.0,0.00250548,7.5,3.198e-05,1.10705360843033,0.453165752289305,0.216707968377088,1,9.79502727358596,5.10914830576286
8662/1654/0,53256,680263.567651829,5336133.71912305,72198,680238.050346332,5336117.35491828,8.7,0.00319649,6.4,4.538e-05,30.3136945556626,19.1488455883887,0.547446569809069,2,20.5155417745567,7.44532913871354
8662/1439/6,31300,679914.924817706,5335963.1158166,50242,679908.907183457,5335929.87010717,8.5,0.00361,7.3,4.422e-05,33.785930762366,20.3185884730408,0.589472891607001,1,24.6765964509183,8.1796287052068
8662/1429/1,130940,679834.572208859,5336052.24229879,149882,679746.383522283,5335967.52771144,8.5,0.00352035,7.9,4.454e-05,122.285754485959,49.5973310625,0.489790151551313,1,18.4887420372471,7.06113392666621
8662/1578/23,53436,680091.308550365,5335875.59829316,72378,680081.596394706,5335848.77639166,8.3,0.00336311,7.1,4.29e-05,28.526134820869,16.2516813210669,0.199385894192522,1,5.26483259890736,3.72410146075948
8662/1597/4,130388,679952.399089149,5336152.26881995,149330,679954.745514235,5336138.32440092,8.7,0.00350962,5.6,4.385e-05,14.1404573078543,8.6312220170558,0.782895289976134,1,36.9375633564366,10.0452355202517
8662/1435/8,114503,679915.58036618,5335971.50370834,133445,679907.808395732,5335966.68318782,8.5,0.00360914,7.2,4.421e-05,9.14554223121383,5.4988121397707,0.670857720962609,1,29.9697051991466,9.03066856899829
8662/1594/0,111871,679962.704506367,5336129.57032229,130813,679961.385110329,5336125.35973368,8.7,0.00351271,6.5,4.339e-05,4.41246669654333,2.66508046508517,1.5646743309467,2,106.027514519694,17.1873727447241
8662/1590/6,115295,680136.659153991,5336064.99553525,134237,680135.237793964,5336062.37754681,8.7,0.00340022,6.5,4.095e-05,2.97894743120622,1.69807153052589,0.27447494769292,1,8.49650518161034,4.75214158492038
8662/1644/16,7583,680095.046047435,5336241.59066115,26525,680103.859183473,5336216.63003028,9.0,0.00338716,5.5,3.41e-05,26.4708228123943,12.9982328337981,0.400362919053302,1,18.7211031471556,7.10619482350741
8662/1597/43,32703,680041.848295884,5336174.73988973,51645,680050.219935911,5336151.14266865,8.9,0.00345133,6.0,4.029e-05,25.0382347535295,14.3651764098486,0.187783962012729,1,4.76159917187299,3.53833060250319
8662/1662/2,125904,680250.965866256,5335918.76874241,144846,680249.235512584,5335902.40343715,8.4,0.00298573,7.4,3.808e-05,16.4565288016259,8.42237244933389,0.327373444709626,1,13.0090874106141,5.90363299722482
8662/1428/2,54786,679921.842508751,5336114.14630061,73728,679854.778142081,5336067.82511298,8.7,0.00351575,7.5,4.415e-05,81.5063292037104,50.0911817260659,3.0153212486078,3,276.357617283818,27.9974891526566
8662/1665/4,83652,680273.43570184,5335888.14223092,102594,680273.066616438,5335877.38844719,8.3,0.00288213,6.8,3.681e-05,10.760115639842,5.25994049701032,0.955869839498807,1,69.5309673083338,13.8636982759584
8662/1658/3,53068,680237.3535803,5335960.97274864,72010,680221.225380358,5335939.02535419,8.5,0.00306747,6.8,3.927e-05,27.2361332858352,14.5460561762326,0.987922312251392,1,63.9750227291705,13.2879388369783
8662/1589/5,98746,680133.825766691,5336047.68358203,117688,680114.424733442,5336039.15742159,8.7,0.00340066,6.5,4.136e-05,21.1918735141676,12.2008227685599,0.250797969769292,1,7.31109368315544,4.40201287253582
8662/1432/0,52764,679895.478677873,5336026.47319696,71706,679901.725904312,5336000.98446999,8.6,0.00356954,7.2,4.418e-05,26.2431522598279,15.9536531437073,0.711033943317423,1,32.1658664431459,9.36187736953913
8662/1570/3,83872,680263.086295972,5335768.17828471,102814,680266.219149619,5335758.33456879,8.0,0.00276964,7.5,3.421e-05,10.3302233820892,4.52348085633627,0.351483541169451,1,18.286849735687,7.02175560588744
8662/1569/9,52444,680228.93015146,5335737.18161562,71386,680222.732218537,5335724.00348236,7.9,0.00283145,7.5,3.419e-05,14.5628832548621,6.29351892803441,0.235110087907717,1,10.2038391958539,5.21666836324796
8662/1653/3,54892,680252.209821028,5336135.83973133,73834,680234.321097892,5336131.75269213,8.7,0.00321621,6.4,4.049e-05,18.3496677054115,10.3422543918582,0.418754263325378,1,16.2848707695739,6.61909239975218
8662/1592/2,53220,680209.029516388,5336039.62982291,72162,680190.156967106,5336018.92241392,8.6,0.00323744,6.6,4.018e-05,28.0173143535255,15.4901231043712,0.928562862967383,1,55.3478032446741,12.3428493891371
8662/1590/8,114222,680127.985291177,5336095.56126249,133164,680125.300435611,5336092.18153877,8.8,0.00342229,6.2,4.055e-05,4.31636211108072,2.46440104914887,0.631810229514718,1,29.6016338174922,8.97400731401252
8662/1592/11,53333,680159.867723948,5336203.41961086,72275,680148.537089173,5336185.40675985,9.0,0.0033671,6.2,3.719e-05,21.2801805915307,11.396302793266,0.594047700875099,1,29.7081046824296,8.99043290131276
8662/1582/11,64004,680150.583889496,5335942.5677281,82946,680146.995858914,5335934.91339905,8.5,0.00328311,6.4,4.111e-05,8.45356236556911,4.72635290434023,0.308768451869531,2,10.4362812594258,5.27686049899401
8662/1592/5,23188,680193.059263422,5336092.77182057,42130,680170.992348459,5336073.07674929,8.7,0.00333132,6.2,4.039e-05,29.5777715270739,16.6294749923409,0.985266094868735,1,58.9911206576213,12.7501990200681
8662/1658/4,53301,680298.124321845,5335996.84494211,72243,680287.538339801,5335975.39327693,8.5,0.00295712,6.7,3.812e-05,23.9214747628482,12.4016580042529,1.57162194033413,2,134.217886648656,19.3803252055326
8662/1653/0,54945,680256.303053726,5336168.28351725,73887,680231.299853722,5336157.07048532,8.8,0.00323242,5.9,4.805e-05,27.4024103966468,18.538936339389,0.611261545743835,1,21.838485410559,7.68611655725668
8662/1672/2,55109,680306.829182431,5335789.14729343,74051,680302.00520691,5335773.57615291,8.0,0.00262465,7.6,3.328e-05,16.3012624301594,6.94407697504902,0.341538918257757,1,18.2556095758464,7.01564331105022
8662/1435/3,135087,679873.043491683,5335956.66012634,154029,679859.081654033,5335937.21500838,8.5,0.003605,7.5,4.347e-05,23.9383692689257,14.1521724048347,0.729902442124105,2,34.8843290545804,9.75684417931238
8662/1575/9,150921,680218.186599348,5335836.19135834,8449,680212.534754753,5335833.63959368,8.2,0.00299066,7.3,3.759e-05,6.20119747766057,3.05831153299062,0.140630497414479,1,3.872005810542,3.18457661257557
8662/1657/3,147992,680241.600664568,5335996.73511414,5520,680239.753280237,5335971.96212499,8.5,0.00312164,6.4,3.958e-05,24.8417757065242,13.3720297615135,0.55669724840891,2,26.7443801573889,8.52184054955898
8662/1584/7,30620,680014.866518835,5336040.59135472,49562,680012.151568403,5336027.13109622,8.7,0.00353787,6.3,4.335e-05,13.731333318488,8.28592592704185,0.515650401750199,1,20.0870660319089,7.36571831367209
8662/1576/0,55020,680184.01222169,5335844.64178584,73962,680128.232804762,5335806.21911313,8.2,0.00309359,7.1,3.894e-05,67.7321572877727,34.6038714867906,3.72890976610979,1,501.422837497434,37.9227880339525
8662/1597/40,54749,680029.936300479,5336191.65974343,73691,680005.373986566,5336166.03731547,8.8,0.00345079,5.7,4.066e-05,35.4938879106537,20.3199952728563,0.529886599443119,1,22.6435926441131,7.82915915333367
8662/1573/8,45828,680224.70399579,5335802.31628273,64770,680229.95748642,5335784.49649186,8.1,0.00291974,7.2,3.668e-05,18.5780545416109,8.83150180599829,0.444229077963405,2,22.9712672041155,7.88666090299904
8662/1647/0,54930,680243.88244995,5336036.23747538,73872,680227.549306103,5336008.04263023,8.6,0.00316903,6.0,4.007e-05,32.584058691407,17.965650869082,0.423461074980111,1,17.1154984371034,6.78895155905037
8662/1584/8,53059,680007.741565859,5336057.22426239,72001,680010.769168837,5336045.60396275,8.7,0.00352841,6.1,4.312e-05,12.0082364840667,7.20770858812595,0.958099386833731,1,51.2819858291618,11.8723963692395
8662/1584/5,31757,680022.266731466,5336005.15999491,50699,680023.517203012,5335993.04024682,8.7,0.00353595,6.2,4.35e-05,12.184086873104,7.37770828340193,0.345601858790772,1,10.9647147601817,5.41129997207004
8662/1573/12,124250,680251.518891828,5335802.65123188,143192,680235.231016299,5335792.62394956,8.1,0.00285773,7.7,3.568e-05,19.1269778023147,8.84455936110619,0.937222761734288,1,73.3745486106137,14.2488815827677
8662/1597/15,54909,679962.812999791,5336215.16751766,73851,679941.281591856,5336199.51044866,8.7,0.00343398,5.2,4.315e-05,26.6222714492272,15.9906141014354,0.415355176610979,1,14.6226256008826,6.26588685923599
8662/1583/0,54923,680026.665097356,5335968.85640289,73865,680006.306063519,5335939.47818473,8.6,0.00354227,6.6,4.407e-05,35.7431106802634,21.6747366944659,1.1193696358393,1,63.7740544987432,13.2666617692827
8662/1586/13,63782,680073.550817819,5335982.16706659,82724,680071.70776917,5335972.55600153,8.6,0.00347162,6.6,4.298e-05,9.78618413414806,5.78759627061901,0.68050614797136,1,31.3867815194135,9.24568998872632
8662/1581/5,53002,680099.482236594,5335917.24154842,71944,680088.284015147,5335909.39776303,8.4,0.00337162,6.8,4.243e-05,13.6720566421397,7.79661608310127,0.425540556682578,1,16.3918872261085,6.64121154463272
8662/1586/12,53429,680039.383024191,5336120.92557654,72371,680026.702540652,5336110.18166092,8.8,0.00348326,5.7,4.137e-05,16.6200597410307,9.68101195052908,0.601216777048528,1,26.6649237011025,8.50893581554672
8662/1656/5,135071,680291.906519024,5336061.89195354,154013,680295.035315927,5336037.55099381,8.6,0.00307176,6.5,3.985e-05,24.5412243078421,13.4568367720649,1.13471663802705,1,75.6984465158494,14.4769784194891
8662/1597/44,54370,680063.883185667,5336183.94343917,73312,680062.938850105,5336156.45607216,8.9,0.00343583,5.9,3.929e-05,27.503583676284,15.3879690296107,0.291260009347653,1,9.55122846901949,5.04397743284806
8662/1597/62,53264,680029.701119504,5336223.29408689,72206,680030.243194604,5336204.14448406,8.8,0.00343014,5.9,3.987e-05,19.1572736497266,10.7543110458376,0.242817584526651,1,7.23390562101063,4.37827998651254
8662/1432/2,53389,679876.130761912,5336017.70760475,72331,679862.316274152,5335985.36081198,8.6,0.00357312,7.4,4.394e-05,35.1732153003769,21.2662324649082,1.42164251272872,2,91.6840618832432,15.9609215817825
8662/1660/2,54331,680243.603676198,5335941.65454545,73273,680229.176057582,5335916.52695285,8.4,0.00304081,6.9,3.866e-05,28.9750252571334,15.055144963364,0.260846181185362,1,9.0450509811896,4.90600866418595
8662/1665/2,53044,680402.749254349,5335938.13702246,71986,680360.447154974,5335912.25353954,8.4,0.00255099,7.3,3.34e-05,49.5925629422713,22.2619031345338,0.416989731304694,1,22.7664548987998,7.8507670962735
8662/1575/5,54787,680137.366017201,5335803.44919946,73729,680141.370365089,5335788.66980952,8.1,0.0031849,7.5,4.032e-05,15.3122555105211,8.00137624270737,0.988611992840095,1,66.1723406181988,13.5184695585172
8662/1756/2,53452,680462.678799267,5336009.72590048,72394,680465.362044832,5335974.28031588,8.6,0.00250158,7.3,3.484e-05,35.5470009280476,17.0411753697045,0.776761933174224,1,52.4460763315689,12.0089062527642
8662/1660/0,131682,680351.926089398,5335995.71834286,150624,680331.123517259,5335970.98089346,8.5,0.00279774,7.0,3.633e-05,32.3216399717963,15.9697344503849,0.946954350636436,1,67.4703679138565,13.6528890114647
8662/1583/8,134417,679994.508010492,5336064.14517556,153359,679976.397403698,5336037.89341332,8.7,0.00352862,6.1,4.311e-05,31.8927750356293,19.1385736424608,1.05435351889419,2,59.2215081059444,12.7755372179577
8662/1597/61,135650,680017.962713247,5336243.14080656,154592,680018.556166414,5336225.13173403,8.8,0.00339403,5.7,4.008e-05,18.0188479188647,10.1685115782004,1.18481751133652,2,77.3584246709542,14.6378124431957
8662/1429/0,53141,679934.698266224,5336084.68628584,72083,679858.468657498,5336059.25088989,8.7,0.00353083,7.5,4.397e-05,80.3611387043337,49.1860314221074,0.715006843277645,1,32.1068514341958,9.35312495482721
8662/1428/6,88791,679897.384753186,5336126.21712574,107733,679892.734236458,5336121.97168811,8.6,0.0035036,7.4,4.464e-05,6.29690769281547,3.86785288144421,0.354060888027048,2,11.1283038148986,5.45227127544021
8662/1428/0,94522,679902.21474965,5336114.1556248,113464,679898.228254714,5336110.17718485,8.6,0.00351238,6.4,4.434e-05,5.63206234824425,3.43622486861102,0.263902687350835,1,7.2338667926798,4.37826801684508
8662/1430/0,54792,679944.067162404,5336058.62319567,73734,679854.650174711,5336022.93391752,8.7,0.00354186,7.6,4.393e-05,96.2762808930223,52.276259763,1.78912784148767,3,127.25866864296,18.8618260369599
8662/1597/14,54788,679970.867888009,5336201.62709561,73730,679951.274962378,5336181.75296188,8.7,0.00346977,5.3,4.306e-05,27.9081336885487,16.7280013738744,0.459487051312649,1,17.0673461529859,6.77921664271607
8662/1647/7,54895,680212.087436103,5336153.90975981,73837,680187.593618281,5336131.83172937,8.8,0.00329571,5.7,3.856e-05,32.9755445740041,17.9032409427323,1.34009747712808,1,98.6100176425637,16.5640581475677
8662/1573/7,53458,680212.779205576,5335791.39687196,72400,680224.813090748,5335759.5799463,8.0,0.00296867,7.2,3.682e-05,34.0166304987713,16.0319018875489,0.389276437549722,2,19.0885314229039,7.17689238054761
8662/1575/7,53378,680186.415021829,5335815.75977855,72320,680171.782276514,5335801.23883196,8.1,0.00305655,7.2,3.836e-05,20.6149248185688,10.2486191678823,0.703016919053301,1,42.7611363382398,10.8229099136591
8662/1578/19,15013,680150.661410648,5335900.90174624,33955,680153.896744295,5335877.98643347,8.4,0.00324335,7.0,4.099e-05,23.1425785760946,12.7493761360105,0.184418742243437,1,4.92513087287661,3.59971196849485
8662/1587/5,52772,680083.280804303,5336040.55068664,71714,680080.576658738,5336028.78618139,8.7,0.00345997,6.0,4.206e-05,12.0712877128735,7.06743958795215,0.141541267700875,1,3.0226498341429,2.80720311699793
8662/1437/0,126949,679946.146900175,5336002.46224038,145891,679945.947545361,5335981.96566817,8.6,0.00359117,7.5,4.424e-05,20.4975416685237,12.4777227093971,1.2274529146778,2,72.8086378592404,14.1928013873903
8662/1586/11,82059,680048.809805036,5336108.0949947,101001,680047.48099,5336101.49031249,8.8,0.0034801,5.9,4.158e-05,6.73703023832797,3.94417009972025,0.256407758949881,1,7.37041609941321,4.42016919884953
8662/1589/9,54317,680110.379403378,5336117.91188536,73259,680093.618907501,5336101.52901738,8.8,0.00343618,6.1,4.001e-05,23.437418487609,13.2032540807444,0.413067578361177,1,15.9661728178587,6.55279506331632
8662/1597/59,54424,679991.548639488,5336286.53536142,73366,679994.651080862,5336268.04600234,8.7,0.00333379,5.5,4.52e-05,18.7478409867492,11.7958415834068,0.781675105807478,1,35.2126644868873,9.8035100666418
8662/1672/1,31653,680287.727084144,5335781.42924069,50595,680285.262068074,5335752.37673511,8.0,0.00268118,7.6,3.354e-05,29.1568925787284,12.517403866759,1.40504315910899,1,150.556991358674,20.5481142072063
8662/1665/0,126145,680349.852886194,5335920.26470882,145087,680321.210986685,5335902.0007204,8.4,0.00267545,7.1,3.504e-05,33.9695699206023,15.9975477314406,0.49803808929992,1,27.6550698868577,8.6684259397986
